<?xml version="1.0" encoding="utf-8" standalone="yes"?>
<rss version="2.0" xmlns:atom="http://www.w3.org/2005/Atom" xmlns:content="http://purl.org/rss/1.0/modules/content/">
  <channel>
    <title>Events on This is US</title>
    <link>http://localhost:1313/events/</link>
    <description>Recent content in Events on This is US</description>
    <generator>Hugo -- 0.146.6</generator>
    <language>en-us</language>
    <atom:link href="http://localhost:1313/events/index.xml" rel="self" type="application/rss+xml" />
    <item>
      <title>Create Event</title>
      <link>http://localhost:1313/events/create/</link>
      <pubDate>Mon, 01 Jan 0001 00:00:00 +0000</pubDate>
      <guid>http://localhost:1313/events/create/</guid>
      <description>&lt;div id=&#34;event-form-ui&#34; class=&#34;min-vh-100 flex items-center justify-center&#34;&gt;&lt;/div&gt;</description>
    </item>
    <item>
      <title>Events Hub</title>
      <link>http://localhost:1313/events/hub/</link>
      <pubDate>Mon, 01 Jan 0001 00:00:00 +0000</pubDate>
      <guid>http://localhost:1313/events/hub/</guid>
      <description>&lt;div id=&#34;hub-ui&#34; class=&#34;tc mt5&#34;&gt;
  &lt;h2 class=&#34;f3 fw6 mb4&#34;&gt;What would you like to do?&lt;/h2&gt;
  &lt;div class=&#34;flex flex-column items-center justify-center center mw6&#34;&gt;
    &lt;a href=&#34;http://localhost:1313/events/create&#34; class=&#34;f5 link dim br3 ph4 pv3 mb3 dib white bg-blue w-100&#34;&gt;
      📅 Create an Event
    &lt;/a&gt;
    &lt;a href=&#34;http://localhost:1313/events/discover&#34; class=&#34;f5 link dim br3 ph4 pv3 dib white bg-green w-100&#34;&gt;
      🧭 Find Events in My Area
    &lt;/a&gt;
  &lt;/div&gt;
&lt;/div&gt;</description>
    </item>
  </channel>
</rss>
