<?xml version="1.0" encoding="utf-8" standalone="yes"?>
<rss version="2.0" xmlns:atom="http://www.w3.org/2005/Atom" xmlns:content="http://purl.org/rss/1.0/modules/content/">
  <channel>
    <title>This Is US: In Perilous Times on This is US</title>
    <link>http://localhost:1313/</link>
    <description>Recent content in This Is US: In Perilous Times on This is US</description>
    <generator>Hugo -- 0.146.6</generator>
    <language>en-us</language>
    <atom:link href="http://localhost:1313/index.xml" rel="self" type="application/rss+xml" />
    <item>
      <title>Contact</title>
      <link>http://localhost:1313/contact/</link>
      <pubDate>Mon, 01 Jan 0001 00:00:00 +0000</pubDate>
      <guid>http://localhost:1313/contact/</guid>
      <description>&lt;h2 id=&#34;get-in-touch&#34;&gt;Get in Touch&lt;/h2&gt;
&lt;p&gt;📧 &lt;strong&gt;Email:&lt;/strong&gt; &lt;a href=&#34;mailto:anchorskov@gmail.com&#34;&gt;anchorskov@gmail.com&lt;/a&gt;&lt;br&gt;
📍 &lt;strong&gt;Based in:&lt;/strong&gt; Casper, WY&lt;br&gt;
🕒 &lt;strong&gt;Hours:&lt;/strong&gt; Flexible — We respond with care and intention.&lt;/p&gt;</description>
    </item>
    <item>
      <title>Create Event</title>
      <link>http://localhost:1313/events/create/</link>
      <pubDate>Mon, 01 Jan 0001 00:00:00 +0000</pubDate>
      <guid>http://localhost:1313/events/create/</guid>
      <description>&lt;div id=&#34;event-form-ui&#34; class=&#34;min-vh-100 flex items-center justify-center&#34;&gt;&lt;/div&gt;</description>
    </item>
    <item>
      <title>Events Hub</title>
      <link>http://localhost:1313/events/hub/</link>
      <pubDate>Mon, 01 Jan 0001 00:00:00 +0000</pubDate>
      <guid>http://localhost:1313/events/hub/</guid>
      <description>&lt;div id=&#34;hub-ui&#34; class=&#34;tc mt5&#34;&gt;
  &lt;h2 class=&#34;f3 fw6 mb4&#34;&gt;What would you like to do?&lt;/h2&gt;
  &lt;div class=&#34;flex flex-column items-center justify-center center mw6&#34;&gt;
    &lt;a href=&#34;http://localhost:1313/events/create&#34; class=&#34;f5 link dim br3 ph4 pv3 mb3 dib white bg-blue w-100&#34;&gt;
      📅 Create an Event
    &lt;/a&gt;
    &lt;a href=&#34;http://localhost:1313/events/discover&#34; class=&#34;f5 link dim br3 ph4 pv3 dib white bg-green w-100&#34;&gt;
      🧭 Find Events in My Area
    &lt;/a&gt;
  &lt;/div&gt;
&lt;/div&gt;</description>
    </item>
    <item>
      <title>Learn</title>
      <link>http://localhost:1313/learn/</link>
      <pubDate>Mon, 01 Jan 0001 00:00:00 +0000</pubDate>
      <guid>http://localhost:1313/learn/</guid>
      <description>&lt;h2 id=&#34;resources&#34;&gt;Resources&lt;/h2&gt;
&lt;p&gt;We curate guides, books, articles, and public talks focused on truth, civic courage, and resistance through compassion.&lt;/p&gt;</description>
    </item>
    <item>
      <title>Login / Sign Up</title>
      <link>http://localhost:1313/login/</link>
      <pubDate>Mon, 01 Jan 0001 00:00:00 +0000</pubDate>
      <guid>http://localhost:1313/login/</guid>
      <description>&lt;div id=&#34;auth-box&#34;&gt;&lt;/div&gt;</description>
    </item>
    <item>
      <title>Our Why</title>
      <link>http://localhost:1313/about/</link>
      <pubDate>Mon, 01 Jan 0001 00:00:00 +0000</pubDate>
      <guid>http://localhost:1313/about/</guid>
      <description>&lt;h2 id=&#34;why-we-exist&#34;&gt;Why We Exist&lt;/h2&gt;
&lt;p&gt;I am afraid. Not for myself. I am afraid for our children—and for our grandchildren. This is what motivates me
this is why I am fighting.&lt;/p&gt;
&lt;p&gt;What rights are we abdicating? What legacy are we giving up?&lt;/p&gt;
&lt;p&gt;I speak a little Spanish. If forced, I may even survive in El Salvador. But our children, our grandchildren? Why should we even have to be concerned about their future? What legacy are we handing down? We wouldn’t stand for any threats to children, yet we watch as our democracy is eroded and our legacy crumbles. It’s not just borders or passports that worry me—it’s the decay of something deeper: our shared understanding of freedom, truth, and decency.&lt;/p&gt;</description>
    </item>
    <item>
      <title>Podcast</title>
      <link>http://localhost:1313/podcast/</link>
      <pubDate>Mon, 01 Jan 0001 00:00:00 +0000</pubDate>
      <guid>http://localhost:1313/podcast/</guid>
      <description>&lt;h2 id=&#34;-this-is-us-on-the-other-side-of-fear&#34;&gt;🎧 This Is Us: On the Other Side of Fear&lt;/h2&gt;
&lt;p&gt;Episodes coming soon.&lt;br&gt;
Our stories, our resistance—told with truth and heart.&lt;/p&gt;</description>
    </item>
    <item>
      <title>Test</title>
      <link>http://localhost:1313/test/</link>
      <pubDate>Mon, 01 Jan 0001 00:00:00 +0000</pubDate>
      <guid>http://localhost:1313/test/</guid>
      <description>&lt;p&gt;Hello World&lt;/p&gt;</description>
    </item>
    <item>
      <title>Voices</title>
      <link>http://localhost:1313/voices/</link>
      <pubDate>Mon, 01 Jan 0001 00:00:00 +0000</pubDate>
      <guid>http://localhost:1313/voices/</guid>
      <description>&lt;h2 id=&#34;share-your-story&#34;&gt;Share Your Story&lt;/h2&gt;
&lt;p&gt;This space uplifts everyday voices—quotes, reflections, and witness stories from people reclaiming their civic courage.&lt;/p&gt;
&lt;p&gt;Want to contribute? &lt;a href=&#34;http://localhost:1313/contact/&#34;&gt;Reach out here&lt;/a&gt;&lt;/p&gt;</description>
    </item>
  </channel>
</rss>
